Metric,Value
Historical VaR,-0.015102366464152583
Historical CVaR,-0.023229889527354483
Portfolio HHI,0.1474
