Start_Year,Total_Investors,Average_SIP
2021,49,5959.183673469388
2022,54,5018.518518518518
2023,51,6254.901960784314
2024,46,5934.782608695652
