SIP_Category,Investors,Average_SIP
Low,96,1927.0833333333333
Medium,38,5000.0
High,66,11818.181818181818
